<?xml version="1.0" encoding="windows-1252"?>
<!--  This file conforms to the DTD xdc/bld/build.dtd -->
<package name="xconfig_Lab2_1" version="" producerId="undefined">
    <units>
    </units>
    <sources>
        <srcFile name="package/cfg/Lab2_1_pe674.c"/>
    </sources>
    <configscripts>
        <srcFile name="C:/dgnava2_maneyko2/SE423Repo/Labs/Lab2_1/SYSBIOS/Lab2_1.cfg"/>
    </configscripts>
    <makefiles>
        <srcFile name="package.mak" src="package.bld"/>
        <srcFile name="package/package.xdc.dep" src="package.xdc"/>
        <srcFile name="package/cfg/Lab2_1_pe674.mak" src="package.bld"/>
        <srcFile name="package/cfg/Lab2_1_pe674.oe674.dep" src="package/cfg/Lab2_1_pe674.c"/>
        <srcFile name="package/cfg/Lab2_1_pe674.dep" src="package/cfg/Lab2_1_pe674.cfg"/>
        <srcFile name="package/cfg/Lab2_1.xe674.mak" src="package.bld"/>
        <srcFile name="package/rel/xconfig_Lab2_1.tar.dep" src="package/rel/xconfig_Lab2_1.xdc.inc"/>
    </makefiles>
    <targets>
        <target name="ti.targets.elf.C674"
            version="ti.targets.elf.C674{1,0,8.2,2"
            rawVersion="8.2.2"
            platform="ti.platforms.evmDA830"
            isa="674"
            suffix="e674"
            rootDir="C:/CCStudio_v8/ccsv8/tools/compiler/ti-cgt-c6000_8.2.2"
            os="undefined"
            rts="ti.targets.rts6000">
            <model endian="little"
                codeModel="undefined"
                dataModel="undefined"/>
        </target>
    </targets>
    <libraries>
    </libraries>
    <configurations>
    <configuration name="Lab2_1"
        pname="Lab2_1.pe674"
        target="ti.targets.elf.C674"
        platform="ti.platforms.evmOMAPL138"
        profile="release"
        isPartial="false"
        xCfgScript="package/cfg/Lab2_1_pe674.cfg"
        xCfgPrefix="package/cfg/Lab2_1_pe674"
        cfgScript="C:/dgnava2_maneyko2/SE423Repo/Labs/Lab2_1/SYSBIOS/Lab2_1.cfg"
        cfgArgs="null"
        />
    </configurations>
    <executables>
    <executable name="Lab2_1"
        pname="Lab2_1.xe674"
        target="ti.targets.elf.C674"
        platform="ti.platforms.evmOMAPL138"
        profile="release"
        xCfgScript="package/cfg/Lab2_1_pe674.cfg"
        xCfgPrefix="package/cfg/Lab2_1_pe674"
        cfgScript="C:/dgnava2_maneyko2/SE423Repo/Labs/Lab2_1/SYSBIOS/Lab2_1.cfg"
        cfgArgs="null"
        />
    </executables>
    <tests>
    <test exeName="Lab2_1.xe674"
        args=""
        groupName="Lab2_1.xe674"
        refOutput="undefined"
        refExitCode="0"
        execArgs=""
        />
    </tests>
    <releases relDir="package/rel/">
    <release name="xconfig_Lab2_1"
        pname="xconfig_Lab2_1.tar"
        label="default"
    >
        <file name="package/package.bld.xml"/>
        <file name="package/build.cfg"/>
        <file name="package/package.xdc.inc"/>
    </release>
    </releases>
    <repositories>
    </repositories>
</package>
