<?xml version="1.0" encoding="windows-1252"?>
<!--  This file conforms to the DTD xdc/bld/build.dtd -->
<package name="configPkg" version="" producerId="undefined">
    <units>
    </units>
    <sources>
        <srcFile name="package/cfg/lab4_1_p28FP.c"/>
    </sources>
    <configscripts>
        <srcFile name="C:/dgnava2_maneyko2/SE423Repo/Labs/lab4_1/SYSBIOS/lab4_1.cfg"/>
    </configscripts>
    <makefiles>
        <srcFile name="package.mak" src="package.bld"/>
        <srcFile name="package/package.xdc.dep" src="package.xdc"/>
        <srcFile name="package/cfg/lab4_1_p28FP.mak" src="package.bld"/>
        <srcFile name="package/cfg/lab4_1_p28FP.o28FP.dep" src="package/cfg/lab4_1_p28FP.c"/>
        <srcFile name="package/cfg/lab4_1_p28FP.dep" src="package/cfg/lab4_1_p28FP.cfg"/>
        <srcFile name="package/cfg/lab4_1.x28FP.mak" src="package.bld"/>
        <srcFile name="package/rel/configPkg.tar.dep" src="package/rel/configPkg.xdc.inc"/>
    </makefiles>
    <targets>
        <target name="ti.targets.C28_float"
            version="ti.targets.C28_float{1,0,17.6,0"
            rawVersion="17.6.0"
            platform="ti.platforms.sim28xx"
            isa="28FP"
            suffix="28FP"
            rootDir="C:/CCStudio_v8/ccsv8/tools/compiler/ti-cgt-c2000_17.6.0.STS"
            os="undefined"
            rts="ti.targets.rts2800">
            <model endian="little"
                codeModel="undefined"
                dataModel="large"/>
        </target>
    </targets>
    <libraries>
    </libraries>
    <configurations>
    <configuration name="lab4_1"
        pname="lab4_1.p28FP"
        target="ti.targets.C28_float"
        platform="ti.platforms.tms320x28:TMS320F28335"
        profile="release"
        isPartial="false"
        xCfgScript="package/cfg/lab4_1_p28FP.cfg"
        xCfgPrefix="package/cfg/lab4_1_p28FP"
        cfgScript="C:/dgnava2_maneyko2/SE423Repo/Labs/lab4_1/SYSBIOS/lab4_1.cfg"
        cfgArgs="null"
        />
    </configurations>
    <executables>
    <executable name="lab4_1"
        pname="lab4_1.x28FP"
        target="ti.targets.C28_float"
        platform="ti.platforms.tms320x28:TMS320F28335"
        profile="release"
        xCfgScript="package/cfg/lab4_1_p28FP.cfg"
        xCfgPrefix="package/cfg/lab4_1_p28FP"
        cfgScript="C:/dgnava2_maneyko2/SE423Repo/Labs/lab4_1/SYSBIOS/lab4_1.cfg"
        cfgArgs="null"
        />
    </executables>
    <tests>
    <test exeName="lab4_1.x28FP"
        args=""
        groupName="lab4_1.x28FP"
        refOutput="undefined"
        refExitCode="0"
        execArgs=""
        />
    </tests>
    <releases relDir="package/rel/">
    <release name="configPkg"
        pname="configPkg.tar"
        label="default"
    >
        <file name="package/package.bld.xml"/>
        <file name="package/build.cfg"/>
        <file name="package/package.xdc.inc"/>
    </release>
    </releases>
    <repositories>
    </repositories>
</package>
